{
"framerate":24,
"images":["interface.png"],
"frames":[
    [1546, 1076, 80, 80, 0, -5, -5],
    [1815, 964, 90, 90, 0, 0, 0],
    [1462, 1076, 80, 80, 0, -5, -5],
    [670, 1076, 90, 90, 0, 0, 0],
    [1378, 1076, 80, 80, 0, -5, -5],
    [576, 1076, 90, 90, 0, 0, 0],
    [1126, 1076, 80, 80, 0, -5, -5],
    [1721, 964, 90, 90, 0, 0, 0],
    [1294, 1076, 80, 80, 0, -5, -5],
    [482, 1076, 90, 90, 0, 0, 0],
    [1210, 1076, 80, 80, 0, -5, -5],
    [1909, 964, 90, 90, 0, 0, 0],
    [987, 964, 165, 107, 0, -11, -9],
    [1494, 964, 165, 107, 0, -11, -9],
    [648, 964, 165, 107, 0, -11, -9],
    [1156, 964, 165, 107, 0, -11, -9],
    [1325, 964, 165, 107, 0, -11, -9],
    [817, 964, 166, 107, 0, -10, -9],
    [2, 830, 130, 130, 0, 0, 0],
    [1903, 551, 130, 130, 0, 0, 0],
    [2033, 2, 4, 4, 0, 0, 0],
    [2041, 2, 4, 4, 0, 0, 0],
    [970, 1249, 640, 40, 0, 0, 0],
    [2, 1076, 411, 97, 0, 0, 0],
    [2, 964, 642, 108, 0, 1, 0],
    [1769, 551, 130, 130, 0, 0, 0],
    [1899, 2, 130, 130, 0, 0, 0],
    [1772, 830, 81, 118, 0, -9, -12],
    [1857, 830, 69, 114, 0, -12, -17],
    [1607, 830, 84, 128, 0, -7, -10],
    [1695, 830, 73, 125, 0, -11, -8],
    [1930, 830, 24, 100, 0, -36, -25],
    [1562, 2, 333, 217, 0, -6, -8],
    [2010, 830, 18, 73, 0, -7, -18],
    [1663, 964, 54, 92, 0, -4, -5],
    [417, 1076, 61, 93, 0, -6, -7],
    [946, 1076, 51, 83, 0, -7, -12],
    [883, 1076, 59, 86, 0, -6, -8],
    [1001, 1076, 61, 83, 0, -5, -8],
    [1958, 830, 48, 98, 0, -6, -4],
    [826, 1076, 53, 89, 0, -6, -13],
    [1066, 1076, 56, 81, 0, -6, -17],
    [764, 1076, 58, 89, 0, -6, -8],
    [259, 830, 119, 129, 0, 62, 64],
    [1484, 830, 119, 129, 0, 62, 64],
    [1240, 830, 118, 129, 0, 62, 64],
    [996, 830, 118, 129, 0, 62, 64],
    [382, 830, 118, 129, 0, 62, 64],
    [1118, 830, 118, 129, 0, 62, 64],
    [1362, 830, 118, 129, 0, 62, 64],
    [136, 830, 119, 129, 0, 62, 64],
    [504, 830, 119, 129, 0, 62, 64],
    [627, 830, 119, 129, 0, 62, 64],
    [750, 830, 119, 129, 0, 62, 64],
    [873, 830, 119, 129, 0, 62, 64],
    [2, 2, 500, 545, 0, 255, 273],
    [506, 2, 487, 310, 0, -11, -15],
    [2, 551, 511, 275, 0, -13, -17],
    [517, 551, 564, 256, 0, -16, 69],
    [1085, 551, 479, 154, 0, -11, -13],
    [1435, 1177, 452, 68, 0, 12, -7],
    [990, 1177, 441, 68, 0, 12, -7],
    [501, 1177, 485, 68, 0, 12, -7],
    [2, 1177, 495, 68, 0, 12, -7],
    [2, 1249, 482, 67, 0, 12, -8],
    [1568, 551, 197, 145, 0, -2, 13],
    [997, 2, 561, 280, 0, -15, -12],
    [1840, 1076, 91, 66, 0, -3, -8],
    [1630, 1076, 206, 69, 0, -1, -2],
    [2037, 551, 0, 0, 0, 0, 0],
    [2032, 830, 14, 14, 0, -119, -207],
    [2, 1320, 18, 17, 0, -117, -209],
    [1986, 1249, 20, 19, 0, -116, -211],
    [1936, 1249, 22, 22, 0, -115, -213],
    [1876, 1249, 26, 25, 0, -113, -215],
    [1844, 1249, 28, 27, 0, -112, -217],
    [2015, 1177, 30, 30, 0, -111, -219],
    [1736, 1249, 34, 33, 0, -109, -220],
    [1696, 1249, 36, 35, 0, -108, -223],
    [1614, 1249, 38, 39, 0, -107, -224],
    [2003, 964, 42, 41, 0, -105, -226],
    [828, 1249, 44, 44, 0, -104, -228],
    [1999, 1076, 46, 47, 0, -103, -230],
    [722, 1249, 49, 49, 0, -101, -232],
    [666, 1249, 52, 52, 0, -100, -234],
    [552, 1249, 54, 54, 0, -99, -236],
    [1891, 1177, 58, 57, 0, -97, -238],
    [1935, 1076, 60, 60, 0, -96, -240],
    [2010, 1249, 18, 17, 0, -117, -102],
    [1962, 1249, 20, 20, 0, -116, -97],
    [1906, 1249, 26, 25, 0, -113, -88],
    [1812, 1249, 28, 28, 0, -112, -83],
    [1774, 1249, 34, 33, 0, -109, -74],
    [1656, 1249, 36, 36, 0, -108, -69],
    [924, 1249, 42, 41, 0, -105, -60],
    [876, 1249, 44, 44, 0, -104, -55],
    [775, 1249, 49, 48, 0, -101, -46],
    [610, 1249, 52, 52, 0, -100, -41],
    [1953, 1177, 58, 57, 0, -97, -31],
    [488, 1249, 60, 59, 0, -96, -27]
],
"animations":{
    "0": {"frames": [42], "speed": 1},
    "2": {"frames": [34], "speed": 1},
    "5": {"frames": [37], "speed": 1},
    "7": {"frames": [39], "speed": 1},
    "1": {"frames": [33], "speed": 1},
    "3": {"frames": [35], "speed": 1},
    "4": {"frames": [36], "speed": 1},
    "6": {"frames": [38], "speed": 1},
    "8": {"frames": [40], "speed": 1},
    "9": {"frames": [41], "speed": 1},
    "countdown2": {"frames": [30], "speed": 1},
    "star": {
        "frames": [
            20,
            20,
            20,
            20,
            20,
            20,
            20,
            20,
            21,
            21,
            21,
            21,
            21,
            21,
            21,
            21,
            21
        ],
        "speed": 1
    },
    "btnRedInstruct": {"frames": [12], "speed": 1},
    "btnOrangeUp": {"frames": [10], "speed": 1},
    "btnOrangeDown": {"frames": [11], "speed": 1},
    "instructBubble3": {"frames": [58], "speed": 1},
    "btnOkDown": {"frames": [19], "speed": 1},
    "instructBubble1": {"frames": [56], "speed": 1},
    "btnOkUp": {"frames": [18], "speed": 1},
    "astronautWaving": {
        "frames": [
            43,
            44,
            45,
            46,
            47,
            48,
            47,
            49,
            45,
            44,
            43,
            50,
            51,
            52,
            53,
            54,
            53,
            52,
            51,
            50,
            43
        ],
        "speed": 1
    },
    "btnGreenDown": {"frames": [3], "speed": 1},
    "u": {"frames": [67], "speed": 1},
    "btnYellowDown": {"frames": [5], "speed": 1},
    "btnYellowInstruct": {"frames": [14], "speed": 1},
    "btnOrangeInstruct": {"frames": [17], "speed": 1},
    "instructBubble6": {"frames": [61], "speed": 1},
    "btnPurpleDown": {"frames": [9], "speed": 1},
    "instructBubble2": {"frames": [57], "speed": 1},
    "btnPurpleInstruct": {"frames": [16], "speed": 1},
    "countdown3": {"frames": [29], "speed": 1},
    "d": {
        "frames": [
            68,
            69,
            69,
            69,
            69,
            69,
            69,
            69,
            69,
            69,
            69,
            69,
            69,
            69,
            69,
            69,
            69,
            69,
            69,
            69,
            69,
            69,
            69,
            69,
            69,
            69,
            69,
            69,
            69,
            69,
            69,
            69,
            69,
            69,
            69,
            69,
            69,
            69,
            69,
            69,
            69,
            69,
            69,
            69,
            69,
            69,
            69,
            69,
            69,
            69,
            69,
            69,
            69,
            69,
            69,
            69,
            69,
            69,
            69,
            69,
            69,
            69,
            69,
            69,
            69,
            69,
            69,
            69,
            69,
            69,
            69,
            69,
            69,
            69,
            69,
            69,
            69,
            69,
            69,
            69,
            69,
            69,
            69,
            69,
            69,
            69,
            69,
            69,
            69,
            69,
            69,
            69,
            69,
            69,
            69,
            69,
            69,
            69,
            69,
            69,
            69,
            69,
            69,
            69,
            69,
            69,
            69,
            69,
            69,
            69,
            69,
            69,
            69,
            69,
            69,
            69,
            69,
            69,
            69,
            69,
            69,
            69,
            69,
            69,
            69,
            69,
            69,
            69,
            69,
            69,
            69,
            69,
            69,
            69,
            69,
            69,
            69,
            69,
            69,
            69,
            69,
            69,
            69,
            69,
            69,
            69,
            69,
            69,
            69,
            70,
            71,
            72,
            73,
            74,
            75,
            76,
            77,
            78,
            79,
            80,
            81,
            82,
            83,
            84,
            85,
            86,
            87,
            69,
            70,
            88,
            89,
            73,
            90,
            91,
            76,
            92,
            93,
            79,
            94,
            95,
            82,
            96,
            97,
            85,
            98,
            99,
            69,
            69,
            69,
            69,
            69,
            69,
            69,
            69,
            69,
            69,
            69,
            69,
            69,
            69,
            69,
            69,
            69,
            69,
            69,
            69,
            69,
            69,
            69,
            69,
            69,
            69,
            69,
            69,
            69,
            69,
            69,
            69,
            69,
            69,
            69,
            69,
            69,
            69,
            69,
            69,
            69,
            69,
            69,
            69,
            69,
            69,
            69
        ],
        "speed": 1
    },
    "btnBlueInstruct": {"frames": [15], "speed": 1},
    "btnBlueUp": {"frames": [6], "speed": 1},
    "countdown4": {"frames": [28], "speed": 1},
    "astronautHead": {"frames": [55], "speed": 1},
    "btnYellowUp": {"frames": [4], "speed": 1},
    "btnRedDown": {"frames": [1], "speed": 1},
    "countdown5": {"frames": [27], "speed": 1},
    "btnGreenUp": {"frames": [2], "speed": 1},
    "btnBlueDown": {"frames": [7], "speed": 1},
    "btnGoDown": {"frames": [26], "speed": 1},
    "btnGoUp": {"frames": [25], "speed": 1},
    "instructBubble11": {"frames": [66], "speed": 1},
    "instructBubble5": {"frames": [60], "speed": 1},
    "ground": {"frames": [24], "speed": 1},
    "btnRedUp": {"frames": [0], "speed": 1},
    "instructBubble10": {"frames": [65], "speed": 1},
    "instructBubble4": {"frames": [59], "speed": 1},
    "countdown1": {"frames": [31], "speed": 1},
    "swipeArrows": {"frames": [23], "speed": 1},
    "btnGreenInstruct": {"frames": [13], "speed": 1},
    "constructionBar": {"frames": [22], "speed": 1},
    "btnPurpleUp": {"frames": [8], "speed": 1},
    "instructBubble9": {"frames": [64], "speed": 1},
    "instructBubble8": {"frames": [63], "speed": 1},
    "instructBubble7": {"frames": [62], "speed": 1},
    "countdownBlastOff": {"frames": [32], "speed": 1}
}
}