{
"framerate":24,
"images":["spaceship.png"],
"frames":[
    [1093, 2, 176, 400, 0, 0, 0],
    [2, 2, 178, 403, 0, 1, 1],
    [1453, 2, 176, 400, 0, 0, 0],
    [367, 2, 178, 403, 0, 1, 1],
    [913, 2, 176, 400, 0, 0, 0],
    [184, 2, 179, 403, 0, 1, 1],
    [1633, 2, 176, 400, 0, 0, 0],
    [731, 2, 178, 403, 0, 1, 1],
    [1273, 2, 176, 400, 0, 0, 0],
    [549, 2, 178, 403, 0, 1, 1],
    [2, 1101, 322, 95, 0, 75, -209],
    [1340, 993, 324, 99, 0, 76, -207],
    [962, 1289, 340, 80, 0, 84, -215],
    [334, 1289, 344, 82, 0, 86, -214],
    [675, 993, 340, 100, 0, 84, -205],
    [327, 993, 344, 103, 0, 86, -204],
    [1019, 993, 317, 100, 0, 68, -205],
    [2, 993, 321, 104, 0, 70, -203],
    [2, 1200, 340, 85, 0, 84, -215],
    [655, 1101, 344, 89, 0, 86, -213],
    [1137, 1101, 180, 88, 0, 2, -348],
    [1668, 993, 184, 99, 0, 4, -337],
    [1856, 993, 174, 90, 0, -1, -359],
    [1429, 835, 178, 109, 0, 1, -342],
    [328, 1101, 186, 94, 0, 6, -352],
    [1611, 835, 190, 108, 0, 8, -340],
    [1805, 835, 199, 107, 0, 12, -342],
    [694, 835, 203, 123, 0, 14, -328],
    [2, 1376, 222, 65, 0, 23, -370],
    [1557, 1289, 224, 78, 0, 24, -357],
    [228, 1376, 113, 63, 0, 0, 8],
    [1930, 2, 113, 283, 0, 0, 0],
    [1813, 2, 113, 383, 0, 0, 0],
    [1948, 647, 64, 51, 0, 26, 25],
    [128, 835, 122, 154, 0, 0, 0],
    [1444, 647, 122, 154, 0, 0, 0],
    [1318, 647, 122, 154, 0, 0, 0],
    [1570, 647, 122, 154, 0, 0, 0],
    [1696, 647, 122, 154, 0, 0, 0],
    [1822, 647, 122, 154, 0, 0, 0],
    [2, 835, 122, 154, 0, 0, 0],
    [1411, 409, 122, 220, 0, 0, 0],
    [359, 409, 131, 220, 0, 0, 0],
    [494, 409, 139, 220, 0, 0, 0],
    [813, 409, 147, 220, 0, 0, 0],
    [1083, 409, 156, 220, 0, 0, 0],
    [1243, 409, 164, 220, 0, 0, 0],
    [637, 409, 172, 220, 0, 0, 0],
    [1537, 409, 115, 215, 0, 0, 0],
    [1775, 409, 115, 215, 0, 0, 0],
    [1656, 409, 115, 215, 0, 0, 0],
    [1894, 409, 115, 215, 0, 0, 0],
    [964, 409, 115, 220, 0, 0, 0],
    [121, 409, 115, 227, 0, 0, 0],
    [2, 409, 115, 234, 0, 0, 0],
    [240, 409, 115, 220, 0, 0, 0],
    [1310, 835, 115, 115, 0, 0, 0],
    [1045, 835, 124, 115, 0, 0, 0],
    [1173, 835, 133, 115, 0, 0, 0],
    [901, 835, 140, 116, 0, 0, 0],
    [545, 835, 145, 125, 0, 0, 0],
    [397, 835, 144, 134, 0, 0, 0],
    [254, 835, 139, 141, 0, 0, 0],
    [1930, 1101, 106, 80, 0, -30, -37],
    [1306, 1289, 106, 80, 0, -28, -34],
    [1891, 1200, 145, 83, 0, -26, -32],
    [682, 1289, 142, 81, 0, -24, -30],
    [1416, 1289, 137, 78, 0, -23, -29],
    [518, 1101, 133, 90, 0, -22, -28],
    [1003, 1101, 130, 88, 0, -20, -27],
    [1321, 1101, 133, 86, 0, -19, -25],
    [1458, 1101, 137, 86, 0, -18, -24],
    [1599, 1101, 141, 85, 0, -17, -23],
    [885, 1200, 145, 84, 0, -16, -22],
    [537, 1200, 150, 84, 0, -14, -20],
    [1212, 1200, 154, 84, 0, -13, -18],
    [2, 1289, 158, 83, 0, -12, -17],
    [1726, 1200, 161, 83, 0, -11, -15],
    [164, 1289, 166, 83, 0, -9, -13],
    [1370, 1200, 170, 84, 0, -8, -11],
    [1034, 1200, 174, 84, 0, -7, -9],
    [1544, 1200, 178, 84, 0, -6, -7],
    [1744, 1101, 182, 85, 0, -5, -4],
    [346, 1200, 187, 85, 0, -3, -2],
    [691, 1200, 190, 84, 0, -2, -1],
    [828, 1289, 130, 81, 0, -1, -2],
    [1785, 1289, 132, 69, 0, 0, -1],
    [1199, 647, 115, 170, 0, -12, -7],
    [1076, 647, 119, 172, 0, -10, -6],
    [951, 647, 121, 174, 0, -9, -5],
    [824, 647, 123, 175, 0, -8, -5],
    [693, 647, 127, 176, 0, -6, -4],
    [560, 647, 129, 178, 0, -5, -3],
    [425, 647, 131, 180, 0, -4, -2],
    [286, 647, 135, 182, 0, -2, -1],
    [145, 647, 137, 183, 0, -1, -1],
    [2, 647, 139, 184, 0, 0, 0]
],
"animations":{
    "cockpit1Close": {"frames": [39, 38, 37, 36, 35, 34], "speed": 1},
    "wings3": {"frames": [14], "speed": 1},
    "wings1Mask": {"frames": [11], "speed": 1},
    "wings1": {"frames": [10], "speed": 1},
    "fuselage4Mask": {"frames": [7], "speed": 1},
    "fuselage3": {"frames": [4], "speed": 1},
    "tail4": {"frames": [26], "speed": 1},
    "fuselage5": {"frames": [8], "speed": 1},
    "fuselage4": {"frames": [6], "speed": 1},
    "cockpit4Close": {"frames": [61, 60, 59, 58, 57, 56], "speed": 1},
    "cockpit1": {"frames": [34, 35, 36, 37, 38, 39, 40], "speed": 1},
    "fuselage5Mask": {"frames": [9], "speed": 1},
    "fuselage2": {"frames": [2], "speed": 1},
    "laserTurret": {"frames": [33], "speed": 1},
    "tail3": {"frames": [24], "speed": 1},
    "tail1": {"frames": [20], "speed": 1},
    "wings5Mask": {"frames": [19], "speed": 1},
    "laser2": {"frames": [31], "speed": 1},
    "tail4Mask": {"frames": [27], "speed": 1},
    "fuselage1": {"frames": [0], "speed": 1},
    "fuselage2Mask": {"frames": [3], "speed": 1},
    "fuselage1Mask": {"frames": [1], "speed": 1},
    "tail3Mask": {"frames": [25], "speed": 1},
    "fuselage3Mask": {"frames": [5], "speed": 1},
    "wings4Mask": {"frames": [17], "speed": 1},
    "laser1": {"frames": [30], "speed": 1},
    "cockpit2Close": {"frames": [46, 45, 44, 43, 42, 41], "speed": 1},
    "tail5Mask": {"frames": [29], "speed": 1},
    "cockpit2": {"frames": [41, 42, 43, 44, 45, 46, 47], "speed": 1},
    "laser3": {"frames": [32], "speed": 1},
    "cockpit4": {"frames": [56, 57, 58, 59, 60, 61, 62], "speed": 1},
    "tail2Mask": {"frames": [23], "speed": 1},
    "cockpit3Close": {"frames": [53, 55, 51, 50, 49, 48], "speed": 1},
    "cockpit3": {"frames": [48, 49, 50, 51, 52, 53, 54], "speed": 1},
    "wings2Mask": {"frames": [13], "speed": 1},
    "thrust": {
        "frames": [
            87,
            88,
            89,
            90,
            91,
            92,
            93,
            94,
            95,
            96,
            95,
            94,
            93,
            92,
            91,
            90,
            89,
            88,
            87
        ],
        "speed": 1
    },
    "wings4": {"frames": [16], "speed": 1},
    "wings3Mask": {"frames": [15], "speed": 1},
    "wings2": {"frames": [12], "speed": 1},
    "tail2": {"frames": [22], "speed": 1},
    "wings5": {"frames": [18], "speed": 1},
    "tail1Mask": {"frames": [21], "speed": 1},
    "smoke": {
        "frames": [
            63,
            64,
            65,
            66,
            67,
            68,
            69,
            70,
            71,
            72,
            73,
            74,
            75,
            76,
            77,
            78,
            79,
            80,
            81,
            82,
            83,
            84,
            85,
            86
        ],
        "speed": 1
    },
    "tail5": {"frames": [28], "speed": 1}
}
}